,链接,名称
0,http://q.10jqka.com.cn/gn/detail/code/301558/,阿里巴巴概念
1,http://q.10jqka.com.cn/gn/detail/code/300800/,安防
2,http://q.10jqka.com.cn/gn/detail/code/301496/,白酒概念
3,http://q.10jqka.com.cn/gn/detail/code/304582/,白马股
4,http://q.10jqka.com.cn/gn/detail/code/301259/,百度概念
5,http://q.10jqka.com.cn/gn/detail/code/308332/,北汽新能源
6,http://q.10jqka.com.cn/gn/detail/code/307408/,边缘计算
7,http://q.10jqka.com.cn/gn/detail/code/300018/,参股保险
8,http://q.10jqka.com.cn/gn/detail/code/301366/,参股民营银行
9,http://q.10jqka.com.cn/gn/detail/code/306912/,宁德时代概念
10,http://q.10jqka.com.cn/gn/detail/code/300100/,参股券商
11,http://q.10jqka.com.cn/gn/detail/code/302148/,参股万达商业
12,http://q.10jqka.com.cn/gn/detail/code/300389/,参股新三板
13,http://q.10jqka.com.cn/gn/detail/code/300157/,草甘膦
14,http://q.10jqka.com.cn/gn/detail/code/300158/,超导
15,http://q.10jqka.com.cn/gn/detail/code/306750/,超级品牌
16,http://q.10jqka.com.cn/gn/detail/code/300163/,车联网
17,http://q.10jqka.com.cn/gn/detail/code/300786/,充电桩
18,http://q.10jqka.com.cn/gn/detail/code/300168/,创投
19,http://q.10jqka.com.cn/gn/detail/code/300013/,大飞机
20,http://q.10jqka.com.cn/gn/detail/code/300835/,大数据
21,http://q.10jqka.com.cn/gn/detail/code/300733/,锂电池
22,http://q.10jqka.com.cn/gn/detail/code/301213/,电子发票
23,http://q.10jqka.com.cn/gn/detail/code/302027/,电子竞技
24,http://q.10jqka.com.cn/gn/detail/code/300186/,电子商务
25,http://q.10jqka.com.cn/gn/detail/code/300649/,迪士尼
26,http://q.10jqka.com.cn/gn/detail/code/301623/,地下管网
27,http://q.10jqka.com.cn/gn/detail/code/301489/,电力改革
28,http://q.10jqka.com.cn/gn/detail/code/300755/,东盟自贸区
29,http://q.10jqka.com.cn/gn/detail/code/308002/,独角兽概念
30,http://q.10jqka.com.cn/gn/detail/code/300891/,二胎概念
31,http://q.10jqka.com.cn/gn/detail/code/301631/,二维码识别
32,http://q.10jqka.com.cn/gn/detail/code/300200/,风电
33,http://q.10jqka.com.cn/gn/detail/code/301292/,分散染料
34,http://q.10jqka.com.cn/gn/detail/code/300085/,氟化工
35,http://q.10jqka.com.cn/gn/detail/code/301236/,福建自贸区
36,http://q.10jqka.com.cn/gn/detail/code/307954/,富士康概念
37,http://q.10jqka.com.cn/gn/detail/code/300890/,高端装备
38,http://q.10jqka.com.cn/gn/detail/code/301436/,高送转
39,http://q.10jqka.com.cn/gn/detail/code/301518/,高铁
40,http://q.10jqka.com.cn/gn/detail/code/300210/,高校
41,http://q.10jqka.com.cn/gn/detail/code/301620/,工业4.0
42,http://q.10jqka.com.cn/gn/detail/code/301780/,工业互联网
43,http://q.10jqka.com.cn/gn/detail/code/301284/,供应链金融
44,http://q.10jqka.com.cn/gn/detail/code/302154/,股权转让
45,http://q.10jqka.com.cn/gn/detail/code/301630/,广东自贸区
46,http://q.10jqka.com.cn/gn/detail/code/301079/,光伏概念
47,http://q.10jqka.com.cn/gn/detail/code/300221/,固废处理
48,http://q.10jqka.com.cn/gn/detail/code/301524/,国产软件
49,http://q.10jqka.com.cn/gn/detail/code/300082/,军工
50,http://q.10jqka.com.cn/gn/detail/code/300091/,国资驰援
51,http://q.10jqka.com.cn/gn/detail/code/302166/,共享单车
52,http://q.10jqka.com.cn/gn/detail/code/300105/,海工装备
53,http://q.10jqka.com.cn/gn/detail/code/300236/,国产航母
54,http://q.10jqka.com.cn/gn/detail/code/300973/,航运概念
55,http://q.10jqka.com.cn/gn/detail/code/301783/,杭州亚运会
56,http://q.10jqka.com.cn/gn/detail/code/300238/,核电
57,http://q.10jqka.com.cn/gn/detail/code/301663/,互联网+
58,http://q.10jqka.com.cn/gn/detail/code/301249/,互联网彩票
59,http://q.10jqka.com.cn/gn/detail/code/301209/,互联网金融
60,http://q.10jqka.com.cn/gn/detail/code/300444/,互联网医疗
61,http://q.10jqka.com.cn/gn/detail/code/300248/,黄金概念
62,http://q.10jqka.com.cn/gn/detail/code/301490/,沪股通
63,http://q.10jqka.com.cn/gn/detail/code/301628/,互联网保险
64,http://q.10jqka.com.cn/gn/detail/code/300132/,金融IC
65,http://q.10jqka.com.cn/gn/detail/code/301522/,集成电路概念
66,http://q.10jqka.com.cn/gn/detail/code/300814/,家用电器
67,http://q.10jqka.com.cn/gn/detail/code/300730/,节能环保
68,http://q.10jqka.com.cn/gn/detail/code/300053/,节能照明
69,http://q.10jqka.com.cn/gn/detail/code/300265/,金改
70,http://q.10jqka.com.cn/gn/detail/code/300061/,京津冀一体化
71,http://q.10jqka.com.cn/gn/detail/code/300816/,机器人概念
72,http://q.10jqka.com.cn/gn/detail/code/301146/,基因测序
73,http://q.10jqka.com.cn/gn/detail/code/301799/,健康中国
74,http://q.10jqka.com.cn/gn/detail/code/301786/,军民融合
75,http://q.10jqka.com.cn/gn/detail/code/300269/,举牌
76,http://q.10jqka.com.cn/gn/detail/code/300277/,可燃冰
77,http://q.10jqka.com.cn/gn/detail/code/301610/,壳资源
78,http://q.10jqka.com.cn/gn/detail/code/307264/,空铁WIFI
79,http://q.10jqka.com.cn/gn/detail/code/301564/,跨境电商
80,http://q.10jqka.com.cn/gn/detail/code/301139/,蓝宝石
81,http://q.10jqka.com.cn/gn/detail/code/301179/,冷链物流
82,http://q.10jqka.com.cn/gn/detail/code/301561/,两桶油改革
83,http://q.10jqka.com.cn/gn/detail/code/300830/,量子通信
84,http://q.10jqka.com.cn/gn/detail/code/300923/,生态农业
85,http://q.10jqka.com.cn/gn/detail/code/302150/,蚂蚁金服概念
86,http://q.10jqka.com.cn/gn/detail/code/300084/,煤化工
87,http://q.10jqka.com.cn/gn/detail/code/300831/,美丽中国
88,http://q.10jqka.com.cn/gn/detail/code/301346/,民营医院
89,http://q.10jqka.com.cn/gn/detail/code/303944/,MSCI概念
90,http://q.10jqka.com.cn/gn/detail/code/301683/,能源互联网
91,http://q.10jqka.com.cn/gn/detail/code/301632/,农村电商
92,http://q.10jqka.com.cn/gn/detail/code/301306/,农机
93,http://q.10jqka.com.cn/gn/detail/code/301502/,O2O概念
94,http://q.10jqka.com.cn/gn/detail/code/301154/,OLED
95,http://q.10jqka.com.cn/gn/detail/code/301497/,啤酒概念
96,http://q.10jqka.com.cn/gn/detail/code/300309/,苹果概念
97,http://q.10jqka.com.cn/gn/detail/code/300134/,PM2.5
98,http://q.10jqka.com.cn/gn/detail/code/301624/,PPP概念
99,http://q.10jqka.com.cn/gn/detail/code/301471/,汽车电子
100,http://q.10jqka.com.cn/gn/detail/code/300220/,期货概念
101,http://q.10jqka.com.cn/gn/detail/code/300316/,氢燃料电池
102,http://q.10jqka.com.cn/gn/detail/code/300075/,禽流感
103,http://q.10jqka.com.cn/gn/detail/code/302045/,区块链
104,http://q.10jqka.com.cn/gn/detail/code/305790/,燃料乙醇
105,http://q.10jqka.com.cn/gn/detail/code/302035/,人工智能
106,http://q.10jqka.com.cn/gn/detail/code/301166/,人脸识别
107,http://q.10jqka.com.cn/gn/detail/code/300900/,融资融券
108,http://q.10jqka.com.cn/gn/detail/code/300983/,乳业
109,http://q.10jqka.com.cn/gn/detail/code/301602/,赛马概念
110,http://q.10jqka.com.cn/gn/detail/code/301402/,上海国资改革
111,http://q.10jqka.com.cn/gn/detail/code/301128/,上海自贸区
112,http://q.10jqka.com.cn/gn/detail/code/301636/,深股通
113,http://q.10jqka.com.cn/gn/detail/code/300769/,生物医药
114,http://q.10jqka.com.cn/gn/detail/code/307512/,石墨电极
115,http://q.10jqka.com.cn/gn/detail/code/300337/,石墨烯
116,http://q.10jqka.com.cn/gn/detail/code/300023/,食品安全
117,http://q.10jqka.com.cn/gn/detail/code/301531/,首发新股
118,http://q.10jqka.com.cn/gn/detail/code/301050/,手机游戏
119,http://q.10jqka.com.cn/gn/detail/code/300345/,水利
120,http://q.10jqka.com.cn/gn/detail/code/307826/,水泥
121,http://q.10jqka.com.cn/gn/detail/code/308176/,数字中国
122,http://q.10jqka.com.cn/gn/detail/code/308296/,送转填权
123,http://q.10jqka.com.cn/gn/detail/code/300862/,ST板块
124,http://q.10jqka.com.cn/gn/detail/code/300709/,生物质能
125,http://q.10jqka.com.cn/gn/detail/code/301171/,深圳国资改革
126,http://q.10jqka.com.cn/gn/detail/code/300351/,钛白粉
127,http://q.10jqka.com.cn/gn/detail/code/300352/,碳纤维
128,http://q.10jqka.com.cn/gn/detail/code/300845/,特钢概念
129,http://q.10jqka.com.cn/gn/detail/code/300353/,特高压
130,http://q.10jqka.com.cn/gn/detail/code/302010/,腾讯概念
131,http://q.10jqka.com.cn/gn/detail/code/302674/,特色小镇
132,http://q.10jqka.com.cn/gn/detail/code/301121/,特斯拉
133,http://q.10jqka.com.cn/gn/detail/code/301229/,天津自贸区
134,http://q.10jqka.com.cn/gn/detail/code/300358/,天然气
135,http://q.10jqka.com.cn/gn/detail/code/301605/,体育产业
136,http://q.10jqka.com.cn/gn/detail/code/300362/,通用航空
137,http://q.10jqka.com.cn/gn/detail/code/300858/,土地流转
138,http://q.10jqka.com.cn/gn/detail/code/300804/,脱硫脱硝
139,http://q.10jqka.com.cn/gn/detail/code/302059/,网络直播
140,http://q.10jqka.com.cn/gn/detail/code/300019/,网络游戏
141,http://q.10jqka.com.cn/gn/detail/code/302142/,网约车
142,http://q.10jqka.com.cn/gn/detail/code/300898/,尾气治理
143,http://q.10jqka.com.cn/gn/detail/code/300722/,卫星导航
144,http://q.10jqka.com.cn/gn/detail/code/300806/,文化传媒
145,http://q.10jqka.com.cn/gn/detail/code/300378/,物联网
146,http://q.10jqka.com.cn/gn/detail/code/301408/,物流电商平台
147,http://q.10jqka.com.cn/gn/detail/code/300889/,无人机
148,http://q.10jqka.com.cn/gn/detail/code/301286/,无人驾驶
149,http://q.10jqka.com.cn/gn/detail/code/304756/,无人零售
150,http://q.10jqka.com.cn/gn/detail/code/300374/,污水处理
151,http://q.10jqka.com.cn/gn/detail/code/300723/,无线充电
152,http://q.10jqka.com.cn/gn/detail/code/302170/,微信小程序
153,http://q.10jqka.com.cn/gn/detail/code/302182/,雄安新区
154,http://q.10jqka.com.cn/gn/detail/code/300836/,乡村振兴
155,http://q.10jqka.com.cn/gn/detail/code/301627/,西安自贸区
156,http://q.10jqka.com.cn/gn/detail/code/308384/,消费电子
157,http://q.10jqka.com.cn/gn/detail/code/301700/,消费金融
158,http://q.10jqka.com.cn/gn/detail/code/300809/,小金属概念
159,http://q.10jqka.com.cn/gn/detail/code/301278/,小米概念
160,http://q.10jqka.com.cn/gn/detail/code/301543/,细胞免疫治疗
161,http://q.10jqka.com.cn/gn/detail/code/300883/,新材料概念
162,http://q.10jqka.com.cn/gn/detail/code/300870/,新股与次新股
163,http://q.10jqka.com.cn/gn/detail/code/300386/,新疆振兴
164,http://q.10jqka.com.cn/gn/detail/code/302436/,新零售
165,http://q.10jqka.com.cn/gn/detail/code/300008/,新能源汽车
166,http://q.10jqka.com.cn/gn/detail/code/301085/,芯片概念
167,http://q.10jqka.com.cn/gn/detail/code/300756/,网络安全
168,http://q.10jqka.com.cn/gn/detail/code/300777/,稀缺资源
169,http://q.10jqka.com.cn/gn/detail/code/300382/,稀土永磁
170,http://q.10jqka.com.cn/gn/detail/code/301699/,虚拟现实
171,http://q.10jqka.com.cn/gn/detail/code/301494/,养老概念
172,http://q.10jqka.com.cn/gn/detail/code/301546/,央企国资改革
173,http://q.10jqka.com.cn/gn/detail/code/300402/,页岩气
174,http://q.10jqka.com.cn/gn/detail/code/301365/,一带一路
175,http://q.10jqka.com.cn/gn/detail/code/300188/,移动支付
176,http://q.10jqka.com.cn/gn/detail/code/301505/,医疗器械概念
177,http://q.10jqka.com.cn/gn/detail/code/301383/,油品改革
178,http://q.10jqka.com.cn/gn/detail/code/301491/,粤港澳大湾区
179,http://q.10jqka.com.cn/gn/detail/code/300419/,云计算
180,http://q.10jqka.com.cn/gn/detail/code/300917/,语音技术
181,http://q.10jqka.com.cn/gn/detail/code/301565/,医药电商
182,http://q.10jqka.com.cn/gn/detail/code/301227/,在线教育
183,http://q.10jqka.com.cn/gn/detail/code/301223/,在线旅游
184,http://q.10jqka.com.cn/gn/detail/code/302046/,债转股
185,http://q.10jqka.com.cn/gn/detail/code/300073/,振兴东北
186,http://q.10jqka.com.cn/gn/detail/code/300642/,智慧城市
187,http://q.10jqka.com.cn/gn/detail/code/301175/,智能穿戴
188,http://q.10jqka.com.cn/gn/detail/code/300037/,智能电网
189,http://q.10jqka.com.cn/gn/detail/code/300920/,智能家居
190,http://q.10jqka.com.cn/gn/detail/code/300440/,智能交通
191,http://q.10jqka.com.cn/gn/detail/code/301797/,智能物流
192,http://q.10jqka.com.cn/gn/detail/code/300682/,智能医疗
193,http://q.10jqka.com.cn/gn/detail/code/302131/,智能音箱
194,http://q.10jqka.com.cn/gn/detail/code/308172/,知识产权保护
195,http://q.10jqka.com.cn/gn/detail/code/301539/,职业教育
196,http://q.10jqka.com.cn/gn/detail/code/301541/,中韩自贸区
197,http://q.10jqka.com.cn/gn/detail/code/300704/,中字头股票
198,http://q.10jqka.com.cn/gn/detail/code/300451/,猪肉
199,http://q.10jqka.com.cn/gn/detail/code/301715/,证金持股
200,http://q.10jqka.com.cn/gn/detail/code/301455/,摘帽
201,http://q.10jqka.com.cn/gn/detail/code/305794/,装配式建筑
202,http://q.10jqka.com.cn/gn/detail/code/301100/,足球概念
203,http://q.10jqka.com.cn/gn/detail/code/302034/,租售同权
204,http://q.10jqka.com.cn/gn/detail/code/306398/,自由贸易港
205,http://q.10jqka.com.cn/gn/detail/code/300127/,3D打印
206,http://q.10jqka.com.cn/gn/detail/code/300843/,5G
